{
  "kernel": {
    "last_fetch": 1751103302.3580887,
    "last_checkout": 1751103302.3580887
  },
  "projects/musllibc": {
    "last_fetch": 1751103302.3580887,
    "last_checkout": 1751103302.3580887
  },
  "projects/seL4_libs": {
    "last_fetch": 1751103302.3580887,
    "last_checkout": 1751103302.3580887
  },
  "projects/sel4_projects_libs": {
    "last_fetch": 1751103302.3580887,
    "last_checkout": 1751103302.3580887
  },
  "projects/sel4runtime": {
    "last_fetch": 1751103302.3580887,
    "last_checkout": 1751103302.3580887
  },
  "projects/sel4test": {
    "last_fetch": 1751103302.3580887,
    "last_checkout": 1751103302.3580887
  },
  "projects/util_libs": {
    "last_fetch": 1751103302.3580887,
    "last_checkout": 1751103302.3580887
  },
  "tools/nanopb": {
    "last_fetch": 1751103302.3580887,
    "last_checkout": 1751103302.3580887
  },
  "tools/opensbi": {
    "last_fetch": 1751103302.3580887,
    "last_checkout": 1751103302.3580887
  },
  "tools/seL4": {
    "last_fetch": 1751103302.3580887,
    "last_checkout": 1751103302.3580887
  }
}