{
  "seL4.git": 9.487219095230103,
  "musllibc.git": 3.9808220863342285,
  "seL4_libs.git": 1.951676845550537,
  "sel4_projects_libs": 1.7151081562042236,
  "sel4runtime.git": 1.732853651046753,
  "sel4test.git": 1.7654833793640137,
  "util_libs.git": 1.9868385791778564,
  "nanopb": 3.014098882675171,
  "opensbi": 2.791346788406372,
  "seL4_tools.git": 1.7271339893341064
}